{
    "Langenthal": {
        "cnt": 109, 
        "geopos": [
            47.2173003777, 
            7.78470885276
        ]
    }, 
    "Thun": {
        "cnt": 108, 
        "geopos": [
            46.7548532939, 
            7.62959464395
        ]
    }, 
    "Biel/Bienne": {
        "cnt": 382, 
        "geopos": [
            47.1328920532, 
            7.24290845288
        ]
    }, 
    "Bern": {
        "cnt": 413, 
        "geopos": [
            46.948824497, 
            7.43911900576
        ]
    }, 
    "Langnau": {
        "cnt": 0, 
        "geopos": [
            46.9392386679, 
            7.78418250906
        ]
    }
}
